PRAGMA foreign_keys=OFF;
BEGIN TRANSACTION;
CREATE TABLE IF NOT EXISTS "django_migrations" ("id" integer NOT NULL PRIMARY KEY AUTOINCREMENT, "app" varchar(255) NOT NULL, "name" varchar(255) NOT NULL, "applied" datetime NOT NULL);
INSERT INTO django_migrations VALUES(1,'contenttypes','0001_initial','2026-04-16 09:27:46.161775');
INSERT INTO django_migrations VALUES(2,'auth','0001_initial','2026-04-16 09:27:46.223309');
INSERT INTO django_migrations VALUES(3,'admin','0001_initial','2026-04-16 09:27:46.256328');
INSERT INTO django_migrations VALUES(4,'admin','0002_logentry_remove_auto_add','2026-04-16 09:27:46.289184');
INSERT INTO django_migrations VALUES(5,'admin','0003_logentry_add_action_flag_choices','2026-04-16 09:27:46.307037');
INSERT INTO django_migrations VALUES(6,'assistant','0001_initial','2026-04-16 09:27:46.325024');
INSERT INTO django_migrations VALUES(7,'contenttypes','0002_remove_content_type_name','2026-04-16 09:27:46.370854');
INSERT INTO django_migrations VALUES(8,'auth','0002_alter_permission_name_max_length','2026-04-16 09:27:46.400094');
INSERT INTO django_migrations VALUES(9,'auth','0003_alter_user_email_max_length','2026-04-16 09:27:46.425159');
INSERT INTO django_migrations VALUES(10,'auth','0004_alter_user_username_opts','2026-04-16 09:27:46.443666');
INSERT INTO django_migrations VALUES(11,'auth','0005_alter_user_last_login_null','2026-04-16 09:27:46.469878');
INSERT INTO django_migrations VALUES(12,'auth','0006_require_contenttypes_0002','2026-04-16 09:27:46.476713');
INSERT INTO django_migrations VALUES(13,'auth','0007_alter_validators_add_error_messages','2026-04-16 09:27:46.495325');
INSERT INTO django_migrations VALUES(14,'auth','0008_alter_user_username_max_length','2026-04-16 09:27:46.522330');
INSERT INTO django_migrations VALUES(15,'auth','0009_alter_user_last_name_max_length','2026-04-16 09:27:46.548592');
INSERT INTO django_migrations VALUES(16,'auth','0010_alter_group_name_max_length','2026-04-16 09:27:46.583244');
INSERT INTO django_migrations VALUES(17,'auth','0011_update_proxy_permissions','2026-04-16 09:27:46.612191');
INSERT INTO django_migrations VALUES(18,'auth','0012_alter_user_first_name_max_length','2026-04-16 09:27:46.642826');
INSERT INTO django_migrations VALUES(19,'sessions','0001_initial','2026-04-16 09:27:46.666756');
INSERT INTO django_migrations VALUES(20,'assistant','0002_task_reasoning','2026-04-16 13:40:12.342171');
CREATE TABLE IF NOT EXISTS "auth_group_permissions" ("id" integer NOT NULL PRIMARY KEY AUTOINCREMENT, "group_id" integer NOT NULL REFERENCES "auth_group" ("id") DEFERRABLE INITIALLY DEFERRED, "permission_id" integer NOT NULL REFERENCES "auth_permission" ("id") DEFERRABLE INITIALLY DEFERRED);
CREATE TABLE IF NOT EXISTS "auth_user_groups" ("id" integer NOT NULL PRIMARY KEY AUTOINCREMENT, "user_id" integer NOT NULL REFERENCES "auth_user" ("id") DEFERRABLE INITIALLY DEFERRED, "group_id" integer NOT NULL REFERENCES "auth_group" ("id") DEFERRABLE INITIALLY DEFERRED);
CREATE TABLE IF NOT EXISTS "auth_user_user_permissions" ("id" integer NOT NULL PRIMARY KEY AUTOINCREMENT, "user_id" integer NOT NULL REFERENCES "auth_user" ("id") DEFERRABLE INITIALLY DEFERRED, "permission_id" integer NOT NULL REFERENCES "auth_permission" ("id") DEFERRABLE INITIALLY DEFERRED);
CREATE TABLE IF NOT EXISTS "django_admin_log" ("id" integer NOT NULL PRIMARY KEY AUTOINCREMENT, "object_id" text NULL, "object_repr" varchar(200) NOT NULL, "action_flag" smallint unsigned NOT NULL CHECK ("action_flag" >= 0), "change_message" text NOT NULL, "content_type_id" integer NULL REFERENCES "django_content_type" ("id") DEFERRABLE INITIALLY DEFERRED, "user_id" integer NOT NULL REFERENCES "auth_user" ("id") DEFERRABLE INITIALLY DEFERRED, "action_time" datetime NOT NULL);
CREATE TABLE IF NOT EXISTS "assistant_task" ("id" integer NOT NULL PRIMARY KEY AUTOINCREMENT, "task_code" varchar(20) NOT NULL UNIQUE, "created_at" datetime NOT NULL, "status" varchar(20) NOT NULL, "intent" varchar(100) NOT NULL, "entities" text NOT NULL CHECK ((JSON_VALID("entities") OR "entities" IS NULL)), "risk_score" integer NOT NULL, "steps" text NOT NULL CHECK ((JSON_VALID("steps") OR "steps" IS NULL)), "whatsapp_message" text NOT NULL, "email_message" text NOT NULL, "sms_message" varchar(160) NOT NULL, "assigned_team" varchar(100) NOT NULL, "reasoning" text NULL);
INSERT INTO assistant_task VALUES(1,'VN-E380E6','2026-04-16 10:20:57.235073','Pending','send_money','{"amount": 5000000, "currency": null, "location": null, "document_type": null, "urgency": "high"}',55,'["Step 1: Confirm transaction details", "Step 2: Process payment", "Step 3: Notify recipient"]',replace('Hello, we''ve received your request to send 5,000,000 urgently 🚀\nWe''ll process it ASAP and keep you updated.','\n',char(10)),replace('Subject: Urgent Money Transfer Request\nDear Team,\nWe have received a request to send 5,000,000 urgently.\nPlease process the transaction as soon as possible.','\n',char(10)),'Urgent: 5,000,000 transfer requested','Finance',NULL);
INSERT INTO assistant_task VALUES(2,'VN-C21378','2026-04-16 10:26:45.531770','Pending','send_money','{"amount": 50000000, "currency": null, "location": null, "document_type": null, "urgency": "high"}',100,'["Step 1: Verify recipient details", "Step 2: Confirm transfer amount", "Step 3: Process payment"]',replace('Hello, we''ve received your request to send 50,000,000 urgently 🚀\nPlease confirm the recipient''s details to proceed.','\n',char(10)),replace('Subject: Urgent Money Transfer Request\nDear Team,\nWe have received a request to send 50,000,000 urgently.\nPlease verify the recipient''s details and confirm the transfer amount.','\n',char(10)),'Urgent: 50,000,000 transfer requested. Verify recipient details','Finance',NULL);
INSERT INTO assistant_task VALUES(3,'VN-55C200','2026-04-16 10:27:32.272906','Pending','get_airport_transfer','{"amount": null, "currency": null, "location": "Westlands", "document_type": null, "urgency": "medium"}',5,'["Book airport transfer", "Confirm transfer details", "Track transfer status"]','Hey, I''ve booked an airport transfer from JKIA to Westlands for my parents on Friday night 🚗🛬. Will keep you updated.','Dear Team, I am writing to request an airport transfer booking from Jomo Kenyatta International Airport to Westlands for my parents, arriving on Friday night. Please confirm the details.','Book JKIA to Westlands transfer Fri night','Operations',NULL);
INSERT INTO assistant_task VALUES(4,'VN-ED331D','2026-04-16 10:27:57.409084','Pending','verify_document','{"amount": null, "currency": null, "location": "Nanyuki", "document_type": "title deed", "urgency": "medium"}',75,'["Submit the title deed for verification", "Conduct a search at the relevant authorities", "Confirm the authenticity of the document"]',replace('Hello, we''re here to help you verify your title deed 📝. Please submit the document and we''ll conduct a search to confirm its authenticity. \nThis will ensure your 5-acre plot in Nanyuki is secure.','\n',char(10)),replace('Subject: Title Deed Verification for 5-Acre Plot in Nanyuki\nDear Sir/Madam,\nWe are writing to inform you that we will be verifying the title deed for your 5-acre plot in Nanyuki. Please find attached the required documents for submission.','\n',char(10)),'Verify title deed for 5ac Nanyuki plot','Legal',NULL);
INSERT INTO assistant_task VALUES(5,'VN-3BD26C','2026-04-16 10:28:13.341675','Pending','send_money','{"amount": 5000, "currency": "KES", "location": null, "document_type": null, "urgency": "medium"}',20,'["Login to your account", "Select the send money option", "Enter recipient details"]','Hey, I''ve sent you 5,000 KES for your birthday 🎉. Check your account 📊','Dear Sister, I have sent you 5,000 KES as a birthday gift. Please confirm receipt.','Sent 5,000 KES for birthday','Finance',NULL);
INSERT INTO assistant_task VALUES(6,'VN-A523E5','2026-04-16 10:28:29.697236','Pending','hire_service','{"amount": null, "currency": null, "location": "Syokimau", "document_type": null, "urgency": "high"}',30,'["Identify the leak source", "Gather necessary tools and materials", "Fix the leak"]','Hi, I need a plumber to fix a leak in my house in Syokimau. Can you send someone ASAP? 🚧💧','Dear Vunoh Team, I am writing to request the services of a professional plumber to fix a leak in my house located in Syokimau. I would appreciate it if this could be done urgently.','Plumber needed in Syokimau','Operations',NULL);
INSERT INTO assistant_task VALUES(7,'VN-390F59','2026-04-16 10:31:26.743506','Pending','verify_document','{"amount": null, "currency": null, "location": "Karen", "document_type": "title deed", "urgency": "high"}',95,'["Submit the title deed for verification", "Check the Ministry of Lands records", "Confirm the ownership and acreage"]','Hello, we''re verifying your 2-acre plot in Karen. We''ll check the title deed against the Ministry of Lands records and get back to you ASAP 📝👍',replace('Subject: Urgent: Title Deed Verification for Karen Plot\nDear Sir/Madam,\nWe are writing to verify the title deed for your 2-acre plot in Karen against the Ministry of Lands records.\nPlease find the details below:\nLocation: Karen\nDocument Type: Title Deed\nWe will expedite this process and notify you promptly.','\n',char(10)),'Verifying title deed for Karen plot. Will update soon.','Legal',NULL);
INSERT INTO assistant_task VALUES(8,'VN-F602BA','2026-04-16 11:28:17.126135','Pending','send_money','{"amount": 600, "currency": null, "location": null, "document_type": null, "urgency": "low"}',20,'["Step 1: Confirm recipient details", "Step 2: Choose payment method", "Step 3: Review and complete transaction"]',replace('Hey, we''re helping you send $600 to your uncle 🚀\nPlease confirm his details to proceed.','\n',char(10)),replace('Dear Team, \nI would like to send $600 to my uncle. Please assist me with the transfer process.\nBest regards,','\n',char(10)),'Send $600 to uncle','Finance',NULL);
INSERT INTO assistant_task VALUES(9,'VN-DA3891','2026-04-16 11:28:38.653539','Pending','send_money','{"amount": 600, "currency": "KES", "location": null, "document_type": null, "urgency": "medium"}',20,'["Login to your account", "Select the recipient", "Confirm the transaction"]',replace('Hey, I''m sending you KES 600 🤑\nPlease confirm receipt.','\n',char(10)),replace('Dear Uncle, \nI am sending you KES 600. Please confirm once received.\nBest regards, [Your Name]','\n',char(10)),'Sent KES 600','Finance',NULL);
INSERT INTO assistant_task VALUES(10,'VN-DEDAB0','2026-04-16 11:32:13.510323','Pending','send_money','{"amount": 4500, "currency": "KES", "location": null, "document_type": null, "urgency": "medium"}',15,'["Login to your account", "Select the send money option", "Enter recipient details"]',replace('Hey, I''m sending you 4500 KES. 📈💸\nPlease confirm receipt.','\n',char(10)),replace('Dear Uncle, \nI am sending you 4500 KES. Please confirm once received.\nBest regards','\n',char(10)),'Sent 4500 KES','Finance',NULL);
INSERT INTO assistant_task VALUES(11,'VN-58BAE0','2026-04-16 11:33:20.560078','Pending','send_money','{"amount": 4500, "currency": "USD", "location": null, "document_type": null, "urgency": "medium"}',15,'["Login to your account", "Select the recipient", "Confirm the transaction"]',replace('Hey, I''m sending you $4500 USD. Please confirm receipt 📈💸\nTransaction details will be shared via email.','\n',char(10)),replace('Subject: Money Transfer Notification\nDear Uncle,\nA money transfer of $4500 USD has been initiated to your account.\nPlease find the transaction details below:\n\nBest regards, [Your Name]','\n',char(10)),'Sent $4500 USD','Finance',NULL);
INSERT INTO assistant_task VALUES(12,'VN-CE6821','2026-04-16 11:35:54.352611','Pending','send_money','{"amount": 600, "currency": "KES", "location": null, "document_type": null, "urgency": "low"}',5,'["Login to your account", "Select the recipient", "Confirm the transaction"]',replace('Hey, just sent you 600 KES for lunch 🍔👍\nLet me know if you need more!','\n',char(10)),replace('Dear Brother, \nI have sent you 600 KES for your lunch. \nBest regards, [Your Name]','\n',char(10)),'Sent 600 KES for lunch','Finance',NULL);
INSERT INTO assistant_task VALUES(13,'VN-E2E8BE','2026-04-16 11:36:16.608790','Pending','send_money','{"amount": 4500, "currency": "USD", "location": null, "document_type": null, "urgency": "high"}',60,'["Verify recipient''s details", "Confirm payment amount and currency", "Process the transaction"]',replace('Hi, I need to send $4500 USD to my lawyer urgently 🚨. Can you help me with that? \nPlease confirm the recipient''s details to proceed.','\n',char(10)),replace('Subject: Urgent: Final Payment for Townhouse\nDear Team,\nI need to send $4500 USD to my lawyer for the final payment on the townhouse. Please assist me with this transaction as soon as possible.','\n',char(10)),'Urgent: Send $4500 USD to lawyer','Finance',NULL);
INSERT INTO assistant_task VALUES(14,'VN-34EC78','2026-04-16 11:37:42.912778','Pending','hire_service','{"amount": null, "currency": null, "location": "Westlands", "document_type": null, "urgency": "medium"}',10,'["Identify and shortlist professional cleaners in Westlands", "Contact and schedule the cleaner for this Saturday", "Confirm the cleaning services and rates"]',replace('Hi, I need a professional cleaner for my house in Westlands this Saturday 🏠💪. Can you help me with that? 🤔\nPlease let me know the available time slots and rates.','\n',char(10)),replace('Subject: Hiring a Professional Cleaner for Saturday\nDear Team,\nI am in need of a professional cleaner for my house in Westlands this Saturday. Could you please assist me in finding a reliable cleaner and provide me with their rates and available time slots?\nThank you for your help.','\n',char(10)),'Need cleaner in Westlands Sat','Operations',NULL);
INSERT INTO assistant_task VALUES(15,'VN-A83B09','2026-04-16 11:40:57.439982','Pending','verify_document','{"amount": null, "currency": null, "location": "Syokimau", "document_type": "title deed", "urgency": "high"}',95,'["Gather all necessary documents", "Submit documents for verification", "Wait for verification results"]',replace('Hello, we''re here to help you verify that title deed in Syokimau 🏠👍. Don''t rush into anything, let''s make sure it''s legit first. \nWe''ll guide you through the process.','\n',char(10)),replace('Subject: Urgent: Title Deed Verification for Syokimau Plot\nDear Sir/Madam, \nWe are writing to assist you with the verification of a title deed for a plot in Syokimau. Please find the necessary steps below: \n1. Gather all necessary documents. \n2. Submit documents for verification. \n3. Wait for verification results. \nPlease do not hesitate to contact us if you require any further assistance.','\n',char(10)),'Verify title deed ASAP','Legal',NULL);
INSERT INTO assistant_task VALUES(16,'VN-303339','2026-04-16 11:43:14.948209','Pending','send_money','{"amount": 4500, "currency": "USD", "location": "Nairobi", "document_type": null, "urgency": "high"}',60,'["Initiate transfer request", "Verify recipient details", "Process payment"]',replace('Your money transfer of $4500 USD to Nairobi is being processed.\nPlease confirm recipient details.','\n',char(10)),replace('Subject: Urgent Money Transfer to Nairobi\nDear Team,\nWe have a request to send $4500 USD to Nairobi urgently.\nPlease verify recipient details and process the payment.\nTask Code: MT001','\n',char(10)),'MT001: $4500 USD to Nairobi','Finance',NULL);
INSERT INTO assistant_task VALUES(17,'VN-C2C6CD','2026-04-16 11:45:05.612341','Pending','send_money','{"amount": 4500.0, "currency": "USD", "location": "Nairobi", "urgency": "urgent"}',60,'["Initiate transfer process", "Verify recipient details", "Confirm transfer completion"]','Your money transfer request to Nairobi is being processed.',replace('Subject: Task Confirmation: VM001\nDear Customer,\nYour money transfer request to Nairobi is being processed.\nRegards, Vunoh Global Support','\n',char(10)),'Vunoh Global: VM001 - Money transfer to Nairobi initiated','Finance',NULL);
INSERT INTO assistant_task VALUES(18,'VN-66E9E2','2026-04-16 11:46:35.311797','Pending','send_money','{"amount": 4500.0, "currency": "USD", "location": "", "document_type": "", "urgency": "urgently", "recipient_name": "Peter Kamau"}',40,'["Verify recipient details", "Process payment", "Notify sender of transfer status"]',replace('Your money transfer request to Peter Kamau is being processed.\nNext steps: Verification of recipient details and payment processing.','\n',char(10)),replace('Subject: Task Confirmation: VM001\nDear Customer,\nYour request to send 4,500 USD to Peter Kamau is being processed urgently.\nRegards, Vunoh Global Support','\n',char(10)),'Vunoh Global: VM001. Request to send 4500 USD to Peter Kamau is pending. Details: https://vunoh.global/status','Finance',NULL);
INSERT INTO assistant_task VALUES(19,'VN-A1DF0E','2026-04-16 11:48:35.228878','Pending','send_money','{"amount": 4500.0, "currency": "USD", "location": "townhouse", "document_type": null, "urgency": null}',40,'["Verify recipient details", "Process payment", "Notify recipient"]','Your request to send 4500 USD to Peter Kamau has been received. Task Code: VN1234.',replace('Subject: Task Confirmation: VN1234\nDear Customer,\nYour request to send 4500 USD to Peter Kamau for the townhouse has been received and is being processed.\nRegards, Vunoh Global Support','\n',char(10)),'Vunoh Global: VN1234. Request to send 4500 USD to Peter Kamau is pending. Details: https://vunoh.global/status','Finance',NULL);
INSERT INTO assistant_task VALUES(20,'VN-EEE58E','2026-04-16 11:50:55.857020','Pending','send_money','{"amount": 4500.0, "currency": "USD", "location": "Kenya", "document_type": null, "urgency": "urgent", "recipient": "Peter Kamau"}',60,'["Verify recipient details", "Process payment", "Notify recipient"]','Your request to send 4500 USD to Peter Kamau has been received. Task Code: VN-EEE58E.',replace('Subject: Task Confirmation: VN-EEE58E\nDear Customer,\nYour request to send 4500 USD to Peter Kamau has been received and is being processed urgently.\nRegards, Vunoh Global Support','\n',char(10)),'Vunoh Global: VN-EEE58E. Request to send 4500 USD to Peter Kamau is pending. Details: https://vunoh.global/status','Finance',NULL);
INSERT INTO assistant_task VALUES(21,'VN-453E4A','2026-04-16 12:04:12.829991','Pending','hire_service','{"location": "Karen", "document_type": null, "urgency": null, "amount": null, "currency": null}',10,'["Identify available houses in Karen", "Schedule viewing appointments", "Facilitate purchase or rental process"]','Your request to find a house in Karen has been received. Task Code: HG001.',replace('Subject: Task Confirmation: HG001\nDear Customer,\nYour request to find a house in Karen has been received and is being processed.\nRegards, Vunoh Global Support','\n',char(10)),'Vunoh Global: HG001. House search in Karen initiated. Details: https://vunoh.global/hg001','Operations',NULL);
INSERT INTO assistant_task VALUES(22,'VN-D49984','2026-04-16 13:25:08.030274','Pending','send_money','{"amount": 5000, "currency": "KES", "location": "Kenya", "document_type": null, "urgency": null, "recipient": "Peter Kamau"}',15,'["Verify recipient details", "Process transaction", "Confirm transfer"]','Your request to send 5000 KES to Peter Kamau has been received. Task Code: VN001.',replace('Subject: Task Confirmation: VN001\nDear Customer,\nYour request to send 5000 KES to Peter Kamau has been received and is being processed.\nRegards, Vunoh Global Support','\n',char(10)),'Vunoh Global: VN001. Request to send 5000 KES to Peter Kamau is pending. Details: https://vunoh.global/status','Finance',NULL);
INSERT INTO assistant_task VALUES(23,'VN-1F264B','2026-04-16 13:28:34.186735','Pending','send_money','{"amount": 0, "currency": "KES", "location": "Kenya", "document_type": null, "urgency": null}',5,'["Verify recipient details", "Process transaction", "Notify sender and recipient"]','Your request to send 0 KES to Peter Kamau has been received. Task Code: VN001.',replace('Subject: Task Confirmation: VN001\nDear Customer,\nYour request to send 0 KES to Peter Kamau has been received and is being processed.\nRegards, Vunoh Global Support','\n',char(10)),'Vunoh Global: VN001. Request to send 0 KES to Peter Kamau is pending. Details: https://vunoh.global/status','Finance',NULL);
INSERT INTO assistant_task VALUES(24,'VN-0C3188','2026-04-16 13:44:59.262560','Completed','send_money','{"amount": 5000.0, "currency": null, "location": null, "recipient": "Kamau", "document_type": null, "urgency": "low"}',15,'["Verify recipient''s details", "Confirm transfer amount and currency", "Process the transaction", "Notify the recipient of the transfer"]','Your money transfer of 5000 to Kamau is being processed.',replace('Subject: Task Confirmation: VM001\nDear User,\nYour request to send 5000 to Kamau has been received and is being processed.\nBest regards, Vunoh Global','\n',char(10)),'Vunoh Global: VM001 - Money transfer to Kamau initiated','Finance','The user''s request to ''send 5000 to Kamau'' triggered the ''send_money'' intent due to the presence of the keyword ''send'' and the mention of a specific amount and recipient. The ''send_money'' intent is the most appropriate for this context as it directly relates to transferring funds. The generated steps are necessary for the Kenyan operational environment as they ensure compliance with financial regulations and proper recipient verification. The ''Finance'' employee_assignment is chosen because it involves managing transactions and ensuring secure money transfers.');
INSERT INTO assistant_task VALUES(25,'VN-C7BCD5','2026-04-16 13:59:17.403547','Pending','verify_document','{"document_type": "title deed", "location": "Kiambu", "urgency": "high"}',95,'["Retrieve the title deed document", "Check the document''s authenticity with the relevant authorities", "Verify the plot''s details with the Kiambu county records", "Confirm the ownership and any outstanding liabilities"]','Your title deed verification request for a plot in Kiambu has been received and is being processed urgently.','Subject: Task Confirmation: VNTD001 - Verification of Title Deed for Kiambu Plot. Dear Client, we confirm receipt of your request to verify a title deed for a plot in Kiambu. Our legal team will expedite the process due to the high urgency.','Vunoh Global: VNTD001 - Your title deed verification for Kiambu plot is being processed.','Legal','The user''s request to ''verify a title deed'' triggered the ''verify_document'' intent. The mention of ''urgently'' indicates a high level of urgency. Given the context of verifying a title deed, which is a legal document, and the urgency of the task, the ''Legal'' department is the most suitable for handling this task. The steps outlined are necessary to ensure the title deed is genuine and to comply with the Kenyan legal environment, particularly the Land Registration Act.');
INSERT INTO assistant_task VALUES(26,'VN-CD9490','2026-04-16 14:00:00.844434','Completed','send_money','{"amount": 1500000.0, "currency": "KES", "location": null, "recipient": "Diamond Trust Bank", "document_type": null, "urgency": "medium"}',70,'["Verify recipient bank account details", "Initiate fund transfer via secure banking channels", "Notify recipient of successful transaction", "Update transaction records for auditing purposes"]','Your car purchase fund transfer of 1.5 Million KES to Diamond Trust Bank is being processed.',replace('Subject: Task Confirmation: VUNOH-001\nDear User,\nYour request to send 1.5 Million KES to Diamond Trust Bank for a car purchase has been received and is being processed.\nBest regards,\nVunoh Global Team','\n',char(10)),'Vunoh Global: VUNOH-001, Your car purchase fund transfer is being processed.','Finance','The user''s request to ''Send 1.5 Million KES to Diamond Trust Bank for a car purchase'' triggered the ''send_money'' intent due to the presence of the keyword ''Send'' and the specification of an amount and recipient. The ''send_money'' intent is the most appropriate for this context because it directly addresses the user''s need to transfer funds. The generated steps are necessary for the Kenyan legal and operational environment as they ensure compliance with financial regulations and facilitate a smooth transaction process.');
INSERT INTO assistant_task VALUES(27,'VN-9B18E1','2026-04-16 14:00:10.876498','Pending','get_airport_transfer','{"location": "JKIA", "time": "8:00 PM", "date": "tomorrow"}',5,'["Confirm flight details and arrival time", "Arrange for a driver and vehicle", "Coordinate pickup location and time", "Confirm pickup with the user"]','Your airport pickup from JKIA has been arranged for tomorrow at 8:00 PM.',replace('Subject: Task Confirmation: Airport Transfer\nDear User, your airport pickup from JKIA has been arranged for tomorrow at 8:00 PM. Please confirm your flight details.','\n',char(10)),'Vunoh Global: Your JKIA pickup is scheduled for tomorrow at 8:00 PM','Operations','The user''s request to be picked up from JKIA tomorrow at 8:00 PM triggered the ''get_airport_transfer'' intent. The keywords ''pick me up'' and ''JKIA'' specifically indicated a need for transportation services from the airport. Given the nature of the task, which involves logistical arrangements, the ''Operations'' team is the most suitable for handling this request. The necessary steps include confirming the user''s flight details, arranging for a driver, and ensuring timely pickup.');
INSERT INTO assistant_task VALUES(28,'VN-C7CECB','2026-04-16 14:00:25.079518','Pending','send_money','{"amount": 500.0, "currency": "USD", "location": null, "recipient": "Peter Kamau", "document_type": null, "urgency": "medium"}',15,'["Verify recipient''s details", "Check available funds", "Initiate transfer", "Confirm transaction"]','Your money transfer request to Peter Kamau for school fees has been received and is being processed.',replace('Subject: Task Confirmation: VN001\nDear Sir/Madam,\nYour request to transfer 500 USD to Peter Kamau for school fees has been received and is being processed.\nBest regards,\nVunoh Global Team','\n',char(10)),'Vunoh Global: VN001 - Money transfer request received','Finance','The user''s request to ''Transfer 500 USD to Peter Kamau for school fees'' triggered the ''send_money'' intent due to the presence of keywords ''Transfer'' and ''USD'', indicating a financial transaction. The ''send_money'' intent is the most appropriate for this context as it involves moving funds from one party to another. The generated steps are necessary for the Kenyan legal environment as they ensure compliance with financial regulations and proper documentation. The ''Finance'' employee_assignment is chosen because it involves handling monetary transactions, which is a key responsibility of the finance team.');
INSERT INTO assistant_task VALUES(29,'VN-F2056F','2026-04-16 14:00:36.705651','In Progress','hire_service','{"location": "Lang''ata", "recipient": null, "document_type": null, "amount": null, "currency": null, "urgency": "medium"}',10,'["Identify and vet a qualified plumber in Lang''ata", "Schedule a visit to the user''s house", "Conduct a thorough check of the pipes", "Provide a report and recommendations for any necessary repairs"]','A plumber has been assigned to check the pipes in your Lang''ata house.','Subject: Task Confirmation: PLM001 - Plumber Hire for Pipe Check in Lang''ata. Dear [User], we have received your request to hire a plumber to check the pipes in your house in Lang''ata. We will coordinate this service and keep you updated.','Vunoh Global: PLM001 - Plumber assigned to check pipes in Lang''ata house.','Operations','The user''s request to ''hire a plumber'' triggered the ''hire_service'' intent. The keyword ''plumber'' indicates a specific service is required, and ''Lang''ata'' provides the necessary location detail. The ''hire_service'' intent is most appropriate as it involves engaging a professional for a specific task. The generated steps are necessary for the Kenyan operational environment as they ensure that the service is properly coordinated and executed. The ''Operations'' team is assigned to handle this task due to its logistical nature.');
CREATE TABLE IF NOT EXISTS "django_content_type" ("id" integer NOT NULL PRIMARY KEY AUTOINCREMENT, "app_label" varchar(100) NOT NULL, "model" varchar(100) NOT NULL);
INSERT INTO django_content_type VALUES(1,'admin','logentry');
INSERT INTO django_content_type VALUES(2,'auth','group');
INSERT INTO django_content_type VALUES(3,'auth','permission');
INSERT INTO django_content_type VALUES(4,'auth','user');
INSERT INTO django_content_type VALUES(5,'contenttypes','contenttype');
INSERT INTO django_content_type VALUES(6,'sessions','session');
INSERT INTO django_content_type VALUES(7,'assistant','task');
CREATE TABLE IF NOT EXISTS "auth_permission" ("id" integer NOT NULL PRIMARY KEY AUTOINCREMENT, "content_type_id" integer NOT NULL REFERENCES "django_content_type" ("id") DEFERRABLE INITIALLY DEFERRED, "codename" varchar(100) NOT NULL, "name" varchar(255) NOT NULL);
INSERT INTO auth_permission VALUES(1,1,'add_logentry','Can add log entry');
INSERT INTO auth_permission VALUES(2,1,'change_logentry','Can change log entry');
INSERT INTO auth_permission VALUES(3,1,'delete_logentry','Can delete log entry');
INSERT INTO auth_permission VALUES(4,1,'view_logentry','Can view log entry');
INSERT INTO auth_permission VALUES(5,3,'add_permission','Can add permission');
INSERT INTO auth_permission VALUES(6,3,'change_permission','Can change permission');
INSERT INTO auth_permission VALUES(7,3,'delete_permission','Can delete permission');
INSERT INTO auth_permission VALUES(8,3,'view_permission','Can view permission');
INSERT INTO auth_permission VALUES(9,2,'add_group','Can add group');
INSERT INTO auth_permission VALUES(10,2,'change_group','Can change group');
INSERT INTO auth_permission VALUES(11,2,'delete_group','Can delete group');
INSERT INTO auth_permission VALUES(12,2,'view_group','Can view group');
INSERT INTO auth_permission VALUES(13,4,'add_user','Can add user');
INSERT INTO auth_permission VALUES(14,4,'change_user','Can change user');
INSERT INTO auth_permission VALUES(15,4,'delete_user','Can delete user');
INSERT INTO auth_permission VALUES(16,4,'view_user','Can view user');
INSERT INTO auth_permission VALUES(17,5,'add_contenttype','Can add content type');
INSERT INTO auth_permission VALUES(18,5,'change_contenttype','Can change content type');
INSERT INTO auth_permission VALUES(19,5,'delete_contenttype','Can delete content type');
INSERT INTO auth_permission VALUES(20,5,'view_contenttype','Can view content type');
INSERT INTO auth_permission VALUES(21,6,'add_session','Can add session');
INSERT INTO auth_permission VALUES(22,6,'change_session','Can change session');
INSERT INTO auth_permission VALUES(23,6,'delete_session','Can delete session');
INSERT INTO auth_permission VALUES(24,6,'view_session','Can view session');
INSERT INTO auth_permission VALUES(25,7,'add_task','Can add task');
INSERT INTO auth_permission VALUES(26,7,'change_task','Can change task');
INSERT INTO auth_permission VALUES(27,7,'delete_task','Can delete task');
INSERT INTO auth_permission VALUES(28,7,'view_task','Can view task');
CREATE TABLE IF NOT EXISTS "auth_group" ("id" integer NOT NULL PRIMARY KEY AUTOINCREMENT, "name" varchar(150) NOT NULL UNIQUE);
CREATE TABLE IF NOT EXISTS "auth_user" ("id" integer NOT NULL PRIMARY KEY AUTOINCREMENT, "password" varchar(128) NOT NULL, "last_login" datetime NULL, "is_superuser" bool NOT NULL, "username" varchar(150) NOT NULL UNIQUE, "last_name" varchar(150) NOT NULL, "email" varchar(254) NOT NULL, "is_staff" bool NOT NULL, "is_active" bool NOT NULL, "date_joined" datetime NOT NULL, "first_name" varchar(150) NOT NULL);
CREATE TABLE IF NOT EXISTS "django_session" ("session_key" varchar(40) NOT NULL PRIMARY KEY, "session_data" text NOT NULL, "expire_date" datetime NOT NULL);
DELETE FROM sqlite_sequence;
INSERT INTO sqlite_sequence VALUES('django_migrations',20);
INSERT INTO sqlite_sequence VALUES('django_admin_log',0);
INSERT INTO sqlite_sequence VALUES('django_content_type',7);
INSERT INTO sqlite_sequence VALUES('auth_permission',28);
INSERT INTO sqlite_sequence VALUES('auth_group',0);
INSERT INTO sqlite_sequence VALUES('auth_user',0);
INSERT INTO sqlite_sequence VALUES('assistant_task',29);
CREATE UNIQUE INDEX "auth_group_permissions_group_id_permission_id_0cd325b0_uniq" ON "auth_group_permissions" ("group_id", "permission_id");
CREATE INDEX "auth_group_permissions_group_id_b120cbf9" ON "auth_group_permissions" ("group_id");
CREATE INDEX "auth_group_permissions_permission_id_84c5c92e" ON "auth_group_permissions" ("permission_id");
CREATE UNIQUE INDEX "auth_user_groups_user_id_group_id_94350c0c_uniq" ON "auth_user_groups" ("user_id", "group_id");
CREATE INDEX "auth_user_groups_user_id_6a12ed8b" ON "auth_user_groups" ("user_id");
CREATE INDEX "auth_user_groups_group_id_97559544" ON "auth_user_groups" ("group_id");
CREATE UNIQUE INDEX "auth_user_user_permissions_user_id_permission_id_14a6b632_uniq" ON "auth_user_user_permissions" ("user_id", "permission_id");
CREATE INDEX "auth_user_user_permissions_user_id_a95ead1b" ON "auth_user_user_permissions" ("user_id");
CREATE INDEX "auth_user_user_permissions_permission_id_1fbb5f2c" ON "auth_user_user_permissions" ("permission_id");
CREATE INDEX "django_admin_log_content_type_id_c4bce8eb" ON "django_admin_log" ("content_type_id");
CREATE INDEX "django_admin_log_user_id_c564eba6" ON "django_admin_log" ("user_id");
CREATE UNIQUE INDEX "django_content_type_app_label_model_76bd3d3b_uniq" ON "django_content_type" ("app_label", "model");
CREATE UNIQUE INDEX "auth_permission_content_type_id_codename_01ab375a_uniq" ON "auth_permission" ("content_type_id", "codename");
CREATE INDEX "auth_permission_content_type_id_2f476e4b" ON "auth_permission" ("content_type_id");
CREATE INDEX "django_session_expire_date_a5c62663" ON "django_session" ("expire_date");
COMMIT;
